年齢,年収,勤続年数,満足度,部門,性別
39.96714153011233,9358760.467909936,2.6137023652531557,8.080536069416763,営業,男性
33.61735698828815,8101963.064070336,0.3414469028677538,9.172638344425023,営業,女性
41.47688538100692,7377774.822580298,2.1448499864969035,10.0,営業,男性
50.23029856408025,6599937.714084689,0.5882795243903626,3.834274107459377,開発,女性
32.658466252766644,8506001.138096457,8.257428550377401,9.73229289908502,人事,女性
32.6586304305082,8698424.592189034,14.752649925309992,9.24800343569781,営業,男性
50.79212815507391,8919928.554661522,0.3753231686622788,6.216637628780318,人事,女性
42.67434729152909,9638303.184133751,15.518281170343428,10.0,企画,女性
30.305256140650478,8459267.654705906,3.6967577469438058,6.922031415452851,企画,女性
40.42560043585965,6396454.542591432,1.7802733813930103,6.786963409487544,営業,女性
30.365823071875376,8534370.564415043,0.3998831236978604,5.2748214829085995,人事,男性
30.34270246429743,7160732.778639168,3.471982483856968,7.296989293561775,営業,女性
37.41962271566034,10775064.889819723,7.9119244509880895,9.533236102205105,企画,女性
20.0,5373517.079428574,6.139389288918249,8.774947980096762,営業,男性
20.0,8517252.40323938,0.2576561474802323,5.030060946215695,人事,女性
29.377124707590273,6803570.322602612,0.3784791202912624,6.571035796867581,企画,女性
24.87168879665576,5524270.40001916,2.5781296560804385,5.650153217202102,開発,女性
38.142473325952736,6356279.719906179,1.749848046900245,8.881334406598247,企画,女性
25.91975924478789,5947700.045814195,1.3223304586627975,7.116288221626093,開発,男性
20.876962986647083,6845047.158162984,1.649500892277558,8.849958192910613,営業,女性
49.65648768921554,9080580.132092385,8.13502515578358,10.0,営業,男性
32.74223699513465,7100708.141120577,13.24146297271714,10.0,人事,女性
35.67528204687924,7006915.456041254,2.596832420887668,5.831794926543489,開発,女性
20.752518137865433,10433852.478932511,11.82821034121445,10.0,営業,女性
29.556172754748175,9263055.6249171,1.9393223202862477,10.0,開発,男性
36.10922589709866,7783495.742360743,3.235489429947621,10.0,営業,女性
23.490064225776973,6359618.864027543,1.2811043548639431,10.0,企画,女性
38.75698018345672,7629383.230235999,5.114872309857724,6.97258859385539,営業,男性
28.99361310081195,9301124.598124383,19.31166983988161,7.0576232530922365,人事,男性
32.083062502067236,5532495.190210801,4.62530912905048,5.9370280268701,企画,男性
28.98293387770603,6284520.6020536255,2.214387143033421,8.959293668578006,人事,男性
53.522781845089376,5695065.790675825,5.218028092377419,6.128187427455504,企画,女性
34.86502775262066,7407664.993665107,0.6557892212615534,7.756292763488123,開発,女性
24.422890710441003,8289517.662909315,10.975792178331531,10.0,人事,女性
43.22544912103189,6786159.853704152,3.496670911016173,6.038793865308828,営業,女性
22.791563500289776,8798886.025902588,2.983277059530509,10.0,開発,男性
37.08863595004755,5456564.683268846,4.407813802699802,5.117807891834358,営業,女性
20.0,4063729.144321296,4.901265265759135,3.017827095426351,企画,女性
21.718139511015696,6459825.697018575,0.37240993627832486,6.545734897815866,企画,女性
36.96861235869123,8992901.436614985,5.7382336476219,10.0,営業,女性
42.38466579995411,9783615.710130265,1.3849088294575522,6.917633960906214,営業,男性
36.7136828118997,6773156.676926342,6.2579893063476675,4.540929619774499,開発,女性
33.843517176117594,9174687.465943683,8.644903569908596,10.0,営業,女性
31.988963044107113,7356399.920952034,8.147144729977397,4.935824567384251,人事,女性
20.214780096325725,6153838.506442509,4.020404515374513,7.263384367822,人事,男性
27.801557916052914,8082729.39205597,3.671615900233151,9.29655959201341,営業,男性
30.393612290402125,7575251.249622361,0.7708631748212545,7.981871408074563,人事,女性
45.57122226218916,5660570.131451798,7.465972538187141,7.463277368643165,営業,女性
38.43618289568462,9294941.303927377,1.5832163455430326,7.363381836105943,開発,女性
20.0,8281896.838989671,3.432798854498613,9.255857248980405,人事,男性
38.24083969394795,6140926.930764974,1.6722899833187106,5.4904862279870486,人事,女性
31.149177195836835,7223000.257401604,0.718360974536481,9.178005594064306,営業,女性
28.230779996940413,7649113.06600909,4.965287867379612,4.920124956367435,人事,女性
41.11676288840868,7474780.673019253,0.27931879862958187,8.612677424574539,企画,男性
45.30999522495951,7130486.994438885,6.904449639590402,4.797920192888798,開発,女性
44.31280119116199,6399264.97392797,1.9105996627694828,4.9070525419632975,開発,女性
26.607824767773614,6292127.482939715,0.0006735103820133685,4.2605156858519635,人事,男性
31.907876241487855,8712315.797365662,3.5782845640222263,6.357855816185015,人事,男性
38.31263431403564,7755024.443774057,0.23992496180626088,10.0,企画,女性
44.75545127122359,6843450.120386911,1.6159905495488984,5.414818229334924,企画,男性
30.2082576215471,8281712.159846534,6.137512127966616,10.0,人事,女性
33.14341023336183,2416726.9830523916,0.32370402329413395,7.14606571115911,人事,男性
23.936650259939718,8834208.845662534,9.142277821073932,9.97555307509641,企画,男性
23.037933759193294,3544239.638390713,0.019136185981980285,1.0,営業,女性
43.125258223941984,6754329.58563815,1.4172808654574776,6.125263776054381,企画,女性
48.56240028570823,6423893.595501747,6.752784231555521,9.603483965635673,営業,女性
34.27989878419666,4962068.923188349,1.9009619755987486,4.268585481461983,開発,男性
45.03532897892024,9046739.321385687,0.5373269137189676,5.829894286110786,開発,女性
38.61636025047634,6452592.544338384,2.23326333782404,7.463656742692075,企画,女性
28.548802453948756,7104820.76453789,1.5762481924437801,10.0,営業,女性
38.61395605508414,7785155.003003946,9.248380685685145,10.0,企画,女性
50.38036566465969,8422543.296714587,1.8796377264691988,5.998651557887767,企画,女性
34.64173960890049,7625108.395901083,7.777885788656754,9.679989925613283,営業,男性
50.64643655814006,6720053.945476163,11.122204538520142,4.704592316396987,企画,女性
20.0,7218947.013397486,2.8441933627164815,5.1828148243670356,開発,女性
43.21902504375224,7623973.414026242,12.036570365805982,10.0,人事,男性
35.870470682381715,4695510.391409217,2.3685970527975804,2.942530966071289,人事,女性
32.00992649534132,7621532.059402555,16.63208476084358,5.990758178064656,企画,女性
35.91760776535502,9093785.1951254,0.46765120906180757,5.099665711977095,営業,女性
20.0,7612354.978199787,5.808068223299942,10.0,営業,女性
32.80328112162488,6457611.438585032,3.404255841155766,9.590964757467244,開発,女性
38.57112571511746,6649894.386159486,2.4522465688125656,8.295854801975588,営業,男性
49.77894044741516,7507298.779247348,5.008043337026638,10.0,営業,男性
29.817297817263526,10214443.437522,6.084565713175621,7.5828805443424265,開発,男性
26.915063971068125,6920842.78514661,0.021864082458732063,7.045755136434789,企画,女性
29.982429564154636,7235516.61017994,0.913326611856045,6.396491096318968,人事,男性
44.15402117702074,9377343.005533135,6.242167656343332,6.221331741846283,開発,女性
38.287511096596845,7821443.735953349,5.488844425837361,8.196618102887665,企画,女性
29.702397962329613,7787953.1499056965,16.913964705202705,10.0,開発,女性
40.13267433113356,7427833.871807581,7.157249288783703,3.7883659432638312,企画,男性
35.9707754934804,8196790.429741364,15.056535441884396,6.819938651185509,開発,男性
44.68644990532889,7784727.7419402255,6.062386014385437,5.652596167791557,企画,男性
27.979469061226474,7667365.893018426,1.7694812450163242,5.810685776009693,開発,女性
31.723378534022316,6719757.444518083,0.5566968910601795,10.0,企画,男性
31.078918468678424,8414132.32731453,7.612262880572404,8.62675381542314,開発,女性
20.364850518678814,6413789.55449708,5.166218987260125,6.610484270955449,人事,男性
37.96120277064576,7040705.751232195,0.24692827225770997,9.885886533329735,人事,男性
37.610552721798896,4106409.588645662,2.231829793538785,1.4968394246899943,営業,女性
35.05113456642461,9698003.49664701,15.709552562720573,10.0,企画,女性
32.654128666248525,7499414.044153591,3.4697489699417523,7.369280971243128,開発,男性
20.84629257949586,7822788.981300546,2.8345918753627455,9.19498519622045,企画,男性
30.79354677234641,2501261.8698517857,3.0596759852499944,7.497281199105733,人事,男性
31.572854834732304,9828359.328534005,1.1715452962629789,10.0,企画,女性
26.97722730778381,6369469.649436015,2.2999272627958507,5.950260976592859,開発,女性
33.387142883339905,8562500.911499288,2.308695422260187,10.0,企画,男性
39.040508568145384,5419054.208087022,0.26887670368048905,2.9554294778993437,開発,男性
53.8618590121053,9341831.794005644,7.295779858065249,5.6160049707862845,人事,女性
36.74577812831839,5526524.772987321,2.693592113318849,3.3665601251657784,人事,男性
37.57550390722764,6806613.1742091235,8.63491419891449,5.87031717923746,人事,女性
34.25554084233833,10533545.416786525,9.497213438694287,10.0,営業,女性
20.0,5623715.61338249,1.1912482217703124,7.159877878253289,人事,女性
34.73486124550783,7598420.33378063,5.355279617356548,10.0,企画,女性
35.60230209941027,8404813.129884016,3.195964288803716,8.993499215838135,営業,女性
59.63242112485286,9785929.15785273,10.607852696511799,10.0,人事,女性
33.076390352188774,7000955.648807952,1.2150777348314863,3.453142737214791,企画,男性
38.015473423336125,8014527.064057867,5.6631188919172235,4.328731037963881,企画,女性
34.65288230294757,10805698.141926337,4.679306489215451,10.0,企画,女性
23.31321962380468,6254225.383334936,1.7499259769507949,6.1978329025700365,開発,男性
46.42822814515021,7696499.098570306,0.7343912124034377,10.0,営業,女性
42.51933032686774,9229207.192147518,5.272590817927142,6.675323454554124,企画,男性
42.910319470430466,9474651.749851236,6.7084687689273546,5.699396708904683,開発,女性
25.90612545205261,8265478.0762732895,1.8962634533008838,8.306826987644422,人事,男性
49.02794310936099,8927075.519852076,5.175830313402491,7.064382530622393,企画,男性
20.981489372077192,4585938.709798818,2.5137161029068373,1.0324680698483555,開発,女性
40.868570938002705,10118072.930768155,6.2449708541637525,10.0,企画,女性
56.90455625809979,6236791.286229993,1.110815628530355,3.2411282858452206,営業,女性
25.094636748693116,7813300.732929701,11.046156976364959,9.288176232999646,営業,女性
29.33702270397228,5504861.606536887,1.6942424636730937,4.034309358038889,人事,男性
35.99651365087641,6932881.820248501,2.2926365759416947,4.4943462734437,企画,男性
29.965243458838007,7021329.599818976,0.2992381142185304,6.439093306092833,開発,男性
20.0,6515821.295820699,0.5911718817835567,9.728833281827281,人事,女性
35.68562974806027,7779855.1627501445,3.6269254399420303,7.308697354891299,企画,男性
24.37696286273895,8795124.28033778,1.5570923361286229,10.0,人事,女性
39.73592430635182,8569459.921462065,9.023622538735031,5.698836592654421,開発,女性
25.805757657661967,5931454.132794346,0.07401202847220853,8.886396909780057,人事,男性
50.499344050175395,9209385.78276866,2.3828782782735356,7.341785706928497,人事,女性
27.167467076637628,8348329.892889664,2.057508056708215,10.0,人事,男性
31.779384837943244,4757315.945026613,0.09758425834938557,5.84934993859558,企画,女性
43.135172173696695,8119263.625111916,0.6640491165229435,10.0,開発,男性
22.691356835660446,7453239.907987243,2.669129527378727,6.939142569765069,営業,女性
37.27459934604129,6756873.321879072,3.39488609616996,3.3523600213890363,企画,男性
48.07142754282428,9726132.038728505,2.5900044161986098,5.898531408689782,営業,男性
20.0,6099684.820927257,3.785098187566613,9.541411869682035,営業,女性
36.84633858532304,7482778.303455224,4.520966939817584,8.205399042408114,企画,女性
37.598827942484235,6625320.355927485,0.049866952290763586,9.602516822442029,企画,男性
42.8182287177731,7476179.342244167,3.1189933498330946,5.586009742347799,開発,女性
22.63049289121918,6142323.124722975,16.55211110504819,5.248076834342079,開発,女性
21.795433869157236,4295672.930358834,3.6597756079241277,1.0,人事,女性
40.21941565616898,9968619.984257855,5.658916066119483,10.0,営業,男性
37.96984673233186,5814934.603984042,1.8688428984494019,7.825745764291363,開発,男性
37.504928503458764,6131748.966323976,7.435910653354988,10.0,人事,女性
38.46448209496976,4434368.647587756,7.4122971324483995,2.823836314449407,開発,女性
28.199752784215093,5819881.480777879,3.683364631013783,7.323053981808827,企画,男性
37.322536971610035,6746630.950737176,18.651387922679223,8.853130665370916,開発,女性
37.93072473298681,9426639.180496082,0.6708020364218745,8.284586482814378,営業,男性
27.85648581973632,7916096.38503,0.085464600292336,10.0,開発,女性
53.65774511144757,7385843.779785684,7.351820419798914,10.0,営業,女性
39.73832920911788,11188505.82250533,8.22935654032973,10.0,企画,女性
23.086965027973513,7691030.9253253015,0.6403444343923532,10.0,営業,男性
41.5655360863383,6745368.761227998,1.5433903217401743,5.242550878752584,開発,男性
25.253183297726785,2522404.7089292128,0.08854116353232501,1.0569490878798984,人事,男性
42.87084603742452,10753536.768683165,1.735806079258283,10.0,企画,男性
46.58595579007404,5986654.315422364,7.41715226064056,2.0792147788435917,開発,女性
26.793176816482895,4236425.358174843,3.64864637786035,6.680875117354143,企画,女性
44.63376129244322,8979472.384183293,2.139286715466708,10.0,企画,男性
39.12780926936498,10848419.104556842,2.3240003157968268,10.0,開発,女性
43.2206015999449,9238116.579110196,0.006772713471739074,10.0,開発,女性
53.967929826539475,8722455.183361117,1.7819501195560352,7.529370105234644,人事,男性
32.54611883997129,8039314.997776752,5.198775432802587,7.099061771915986,企画,女性
27.462638356425103,9481837.983134305,18.285827271425898,6.192292609653305,企画,女性
26.104855703744768,8382493.169179731,9.388574993123456,8.367676398073367,開発,男性
26.841897150345616,6775820.885179102,0.1193889170775825,5.125257621292736,営業,女性
34.228982905858956,8011897.675831892,11.441468746111294,7.10237799543069,開発,女性
38.411519748166434,7591072.640914113,7.643863453550762,10.0,企画,女性
37.766907993300194,6515317.940539495,7.579194241744998,10.0,開発,男性
43.27183249036024,7048819.735646074,3.0624072642822298,4.7204173836927446,人事,男性
35.13001891877907,4470819.037643474,2.5375331299759782,3.823399421624667,営業,女性
49.53534077157317,7509682.08337769,1.804244849911565,10.0,開発,女性
32.35343166762044,5168761.017971781,0.33976095317135435,1.7250371641747848,人事,女性
62.20169166589619,6584238.432687667,1.2953782521651376,3.415483185690074,企画,男性
41.25667347765006,7474256.804863187,1.4158190425046666,4.93937570771925,開発,男性
26.428424435837176,8740323.593588442,3.308989422796835,10.0,企画,男性
24.291075019388877,8280090.601276271,6.880619413033578,5.6343410403302485,人事,女性
39.824724152431855,4956531.596494653,3.2104629430782743,9.669219029551254,企画,女性
32.76537214674149,5183618.8475128105,0.29792445031242043,5.204049592839493,人事,女性
42.14000494092092,10100703.73122675,15.825467021983783,10.0,人事,女性
39.73237624573545,6942827.30315533,14.299395811760219,5.162754845403988,人事,女性
34.271710873431275,7145635.436539985,7.689996178639589,7.384277708452586,開発,男性
26.53206281931595,9525503.531182596,23.738222416799715,10.0,企画,女性
20.0,4933220.09368476,3.931603883231449,7.693814326271145,企画,女性
30.53485047932979,8330103.82307688,16.4529803989145,10.0,営業,女性
43.56398794323472,5216469.081509015,0.39307926724584913,6.417489095755809,営業,男性
37.14093744130204,6182596.85596142,2.276014498231384,10.0,営業,女性
22.54261221288012,6734495.676557107,1.2769216469929554,10.0,営業,男性
36.73180925851182,4556074.074904241,1.089742122761541,7.369507107191869,企画,男性
38.85317379728837,7679249.290490559,0.758784936855425,4.179698985614705,人事,男性
26.16142563798867,6765592.5697054025,4.8697798619599055,2.8274942296822463,人事,男性
36.53725105945528,8415674.630160065,7.600771455615799,6.327700124919322,開発,男性
35.58208718446,7546704.221667905,4.3172866134791335,9.518416566888977,人事,女性
23.57029702169377,8304201.503879368,0.7947600783391258,8.00497890382228,企画,女性
38.577873603482836,7950062.10705333,8.333316729073271,7.571718440747135,企画,男性
40.60784526368234,6891522.445604936,5.052384941086984,10.0,企画,男性
45.83051243175277,7720618.773524955,2.4564689738889043,10.0,開発,男性
45.53802052034903,8652476.89810557,5.60628828533534,10.0,営業,女性
21.22330632042909,6284943.76880937,1.5048834729935856,5.109846457444615,人事,女性
25.621749600848773,6553681.784095244,2.117067672469814,8.7731840987486,企画,男性
40.1503526720866,7201922.802875549,12.473927009813524,5.646621434344875,企画,女性
40.13785950912209,6184142.165574914,1.71600566445232,3.8996306632449618,営業,女性
40.150476863060476,5221044.004018431,3.174280685649471,2.8827361201447537,企画,男性
65.0,12405010.262238644,11.042794021308753,10.0,人事,男性
40.70890510693167,5784674.228181522,6.150238259218661,5.654292806199918,開発,女性
46.35565640180599,6310536.029633475,0.32111006237036377,9.78907856912909,企画,女性
44.54001763493202,6229065.515095132,0.7967553170232788,3.308085356349541,人事,女性
41.51391251305798,8422018.43993155,0.039362488619868075,10.0,企画,男性
31.847307553596544,6648314.213642531,4.983733534007458,7.43140844134628,営業,男性
42.589692204932675,9297905.61276235,2.9680789350511687,7.889413696846283,企画,男性
27.27174785462428,5425445.356660463,0.7209390029505175,5.860821617455884,企画,女性
32.63181393259991,8634341.11162331,15.842591716576111,7.333819739616514,開発,女性
30.146364521708964,5631447.073510043,3.7714942731423133,6.996184670654797,営業,男性
35.81874139386323,10147126.326507846,1.3846556515460238,10.0,営業,女性
58.146585666735085,6473109.180818744,3.4717752602625778,3.9527589425286527,開発,男性
20.0,6850222.732181295,5.691242631366281,3.899470403182565,企画,女性
41.86260190374514,8083446.48397043,0.39651067385025407,9.0037076226196,人事,男性
20.0,6724928.298874968,1.6058758829254645,10.0,営業,女性
30.280681342105666,7058545.729964147,8.22443151175426,6.154164908983318,営業,女性
45.889505969673664,7407527.109662217,3.0778286077867363,10.0,企画,男性
35.64280019095463,7243322.281319298,3.9546506380290176,9.1712744757772,企画,男性
24.222552220706937,6274160.366993769,2.8353575840115566,10.0,営業,男性
27.846962907400318,7860613.175012459,0.22446354450078515,10.0,企画,男性
41.79597748934676,10496194.325566962,0.9061094871259683,10.0,人事,男性
27.696333682828634,5843460.790340819,2.9488178371113802,7.756735274447785,営業,女性
37.16458589581975,4920870.729546883,1.17345904124512,9.006348928803197,人事,男性
35.45571839903814,6665998.457193089,0.2563560976806342,6.261667518475502,人事,男性
28.48399652394183,11221591.855872285,9.278280231937154,10.0,企画,男性
56.439440893253256,8603210.744305687,19.867505515976198,4.700510497022455,人事,男性
41.33919022318011,10313498.187608978,7.878634682838712,10.0,企画,男性
20.0,9215318.228920596,9.613383011347391,10.0,開発,女性
36.86454314769428,6151365.656177327,1.3852086135460566,3.0914563190786897,企画,男性
28.38213535231612,8889918.563823113,16.17337177429394,10.0,人事,男性
43.52433334796224,9728465.625511609,1.096540234206891,9.904300909013596,開発,男性
27.074792615672994,7297420.678403445,15.123726591010257,4.365802537985449,企画,女性
33.85263558533101,9018668.205107655,26.314069659946476,10.0,人事,女性
40.049872789804574,6751888.659409604,6.219163908423409,4.684151646579803,営業,男性
43.657551941701215,7646197.445758983,19.85454944713223,4.251305066574033,営業,男性
22.997035929442237,5597385.660152804,4.214501812797032,6.951012075669991,企画,女性
31.654987641590516,4897082.018182301,1.5024303624615976,7.5468821123795955,企画,女性
30.25054688839044,6850886.718304766,2.872341714964048,3.142877732729449,営業,女性
28.46670767426288,5718536.169005991,4.501606318808089,7.646994917549191,人事,男性
52.65454240281097,8021350.838933592,0.3794485110692194,8.811977722496682,人事,男性
39.049817109609556,5105532.187872513,4.868848016974755,2.034917267747949,人事,女性
22.391160456649548,8602238.475091858,19.86360103937694,6.154953367609116,企画,男性
44.17861947054776,8564651.386498442,1.0542697055766685,9.676420062343166,開発,女性
56.22156197012633,5607015.852727256,7.865412180781225,4.274234374346851,開発,女性
45.32465260551147,9019751.10452256,11.924336194756286,10.0,開発,女性
20.0,9270363.02367918,14.38544517946248,10.0,開発,男性
30.157659271337486,6304557.282754166,16.111358472240994,10.0,開発,女性
47.669111491866225,10260821.515878344,3.685073610284772,8.597859066432068,企画,女性
27.923305343812192,8917563.173669355,18.92869392429678,10.0,企画,男性
39.43819428146229,6622377.542297588,7.079856118620867,6.503482370421608,開発,女性
42.74634053429337,7141835.997468537,0.8817258724042814,6.269505155292328,企画,男性
25.73069528421917,7448016.549062702,3.2399141606916015,3.901162291786881,企画,女性
34.404746439382,7467757.048548344,6.33511639460626,3.9426443692847672,開発,男性
20.0,6079571.368624915,1.4207104998989795,8.307672672144808,人事,女性
24.7561235866571,5368476.565944482,5.116807762306764,5.489837515850732,企画,女性
32.4743184860684,7426964.033117019,5.492068727594814,5.46565866744197,人事,女性
22.522168180351507,4094322.9355593603,0.887862718992548,5.620055692486455,企画,女性
51.32411303931635,7815669.253797096,4.16302693854329,6.091392318048097,企画,女性
20.698586220393672,5417455.164843197,7.38387316020698,6.616140953943001,開発,男性
30.59955513303016,5772153.315346827,3.45470472579968,5.0050320381910405,企画,男性
36.30740577286091,8675598.529402552,0.060884779438501666,10.0,営業,女性
49.412732890661154,9112141.607349915,0.045397819254521424,10.0,営業,女性
20.641378488205607,7166604.2016811,2.2082809591005335,7.462757784782712,開発,女性
46.63163752154959,6996270.817594811,13.03158088526201,6.153642801609951,人事,男性
35.10233061019587,6410327.741449549,1.2982388548195847,5.673365910481399,人事,男性
25.18491348952049,8581950.286972411,5.0305806252761,10.0,人事,女性
39.62103474263271,7319190.247456748,1.2556313986525485,6.272805592635256,営業,男性
36.9905969557347,10522584.842032555,1.9406068427327785,8.40411920539417,人事,女性
28.997831228412053,7981944.171389223,9.420758508770627,4.744139248266984,人事,女性
35.69802084990019,7725537.370043255,6.525626528131986,7.925775458002931,開発,女性
31.1468640313824,6143799.316783703,0.501308115183345,6.48298820706228,人事,男性
36.13517345251248,7286992.205189137,2.799221753900893,10.0,営業,女性
41.62130674521046,6867162.412590834,0.14801829901126068,4.85831068060541,営業,女性
50.86016816145352,8932991.300423466,3.2781987731790285,8.361912763439065,営業,女性
22.62184501173151,8109142.859226224,5.429971334477727,10.0,開発,男性
56.330333746562665,6700599.123284688,0.630666267184792,10.0,開発,男性
20.0,3947567.186065599,1.7046051616351723,3.409066869874512,企画,男性
33.482149049644164,4173412.6349686882,2.5361324214142518,4.3055288445488165,人事,女性
40.88317206484576,9066087.377759658,12.59941784148555,7.795660395403204,開発,男性
37.809918677350325,7734924.062557881,24.994780379511752,10.0,営業,女性
28.773004801794063,3232289.88175182,0.2297553109084137,1.0,営業,男性
32.918777496427246,7944469.221768095,7.156624401502873,10.0,開発,女性
30.06999065341167,10475386.720972514,2.323879121527445,10.0,開発,男性
29.106352430557884,6695378.392660141,2.4916713844208656,7.479527766840722,開発,女性
43.49602097021025,9134287.935685646,7.017507254976709,5.428219482746108,企画,男性
38.57015485965047,8304376.777222457,12.531249964185863,8.584742503620532,営業,男性
28.07090404739346,7762450.115876563,15.07239393293603,7.432183060901154,企画,男性
43.995998754332504,9008751.133921009,4.303364717227319,6.459720441697112,企画,女性
38.072995208766095,6689137.444480034,2.20899500324707,8.596823875985946,人事,男性
43.1286211883896,8332041.685315884,7.745221547885493,10.0,営業,男性
41.29628841923612,7691870.201395212,1.445090711393864,8.751569500975938,営業,男性
26.710049890779274,5748508.234550278,4.151414204758868,8.18128772254579,開発,男性
29.398189598030303,8180007.210144626,2.2203420593832677,4.796061283238777,開発,女性
42.472936051232615,7395682.079012415,5.344749114938969,7.154685041365369,人事,男性
41.10370265433465,6059048.32792172,1.3748093444425482,3.1062746944021833,企画,女性
34.79098406035852,7650658.752015753,1.063447836422213,9.165821271844347,開発,女性
36.17327383308782,6712939.709862679,12.519779908948435,10.0,開発,女性
47.77664895788425,7484787.4932998,0.5368330935189589,9.440787085544546,営業,女性
29.0842861116417,6793103.089820689,3.5256727920490882,3.484330524650482,営業,男性
40.470973811700375,8777169.67377765,1.2477763444526255,7.969165518643395,開発,女性
32.97807347566106,7380805.019959915,0.19853996856933326,8.33677543492758,営業,女性
32.8231879677278,6621960.713074338,0.1834175280566355,6.250830518273608,人事,女性
45.987768519871906,8622358.246523188,0.9632037172916342,10.0,開発,女性
43.2541634898803,10255859.988955347,10.078404909353614,10.0,営業,男性
43.135096360006386,8159446.630862137,1.6597635333402472,9.66592581179113,人事,男性
48.05478807154329,8920747.389610115,15.024790562678799,8.281868895804463,営業,女性
35.21003841632759,5228432.896878072,4.356853245869319,3.5264602607472693,営業,女性
41.81952971294964,5780201.295941967,2.8689530490754382,2.73307015986013,営業,女性
31.89733243406544,6570885.615768323,4.338560505970516,5.764964767147308,開発,男性
38.24166352488442,6361372.052502841,3.6355717949754327,6.079924707372316,企画,男性
33.698569456323156,7115486.702612664,7.110151842746742,9.197893028549327,営業,男性
35.96995964992718,7049461.294041383,1.6598842419936322,8.972899712719546,人事,男性
40.95157025436914,8059861.080514866,2.1774343626131327,4.690834337286178,開発,男性
26.817793167665275,7357744.604984887,11.226031136902604,6.915078443865307,開発,女性
55.9238727568546,9989576.662054108,14.636305584720752,7.625586467010367,人事,男性
24.93982618500298,7459106.046063984,11.154031145986536,4.870420393915236,営業,男性
22.85811387212268,3451593.790824074,2.71887946748747,6.897313138459287,企画,女性
46.581108735000676,6677947.591797666,7.578952457757636,3.0551845422439836,営業,男性
42.91662693962936,7253152.269604885,3.2345225620584084,7.0257981527239775,人事,男性
41.24119817052155,5591637.269238101,3.441194749736848,3.1054701711367647,開発,男性
41.2834550926428,8078571.282984469,1.1450543335802255,10.0,企画,女性
34.87753227153085,9487182.243879085,4.471793817869971,10.0,開発,男性
26.027456285141685,8232496.530540224,1.0298093873716538,6.3149222579318565,人事,女性
35.75804558193726,6669145.80748801,2.014078347864592,7.190991391985398,営業,女性
28.228382884878883,9613123.27216405,9.656149226451774,10.0,企画,男性
44.75119733417751,7576574.882468594,1.1601382995655154,10.0,開発,男性
33.52942618497861,6207750.821073384,0.36908468501513136,4.191764859282155,開発,男性
26.745028032074885,5452899.484826812,0.35752078534477316,9.428535433990918,開発,男性
31.786141583470066,7548888.696083084,14.13286146641773,10.0,営業,女性
39.12931454275625,6727742.866583869,3.5354236725789976,10.0,企画,男性
29.36275447196025,6987080.432062076,2.6331837490083188,8.705809643819265,営業,女性
26.777796044335684,7412433.794622498,8.326830208309165,9.080819684534866,営業,女性
37.436872114919126,7779826.635416563,9.034139994404848,7.408722334070968,営業,女性
37.44966571108723,7729767.1022053305,2.018765620314438,10.0,人事,女性
29.9305682462887,8873959.21307712,5.914613885831744,9.655605378235508,人事,女性
30.28961694381677,8676096.916882455,7.37284866529631,10.0,人事,男性
37.32049937357636,5170277.452177573,5.315994361736102,5.0263985868167325,企画,女性
20.51915658502676,2277274.752412431,0.8219862551402466,4.860742928800683,営業,女性
20.925362256234447,8491013.621041607,10.43265641370974,10.0,営業,男性
27.81555778747564,4727741.022036113,3.872811802854619,2.0456673314614577,人事,男性
32.86552848288153,6472100.272275273,1.6597195097022186,9.968467712443324,営業,女性
38.10907565598004,5427175.324303847,2.7689108059388405,6.289844110416612,営業,女性
49.75356216949552,4803854.989956098,0.19147537851351137,8.405848171768115,開発,男性
43.576596232020194,8059430.461831523,0.68406557923332,7.9411458189006545,営業,女性
33.40061470036573,8534013.012228327,7.252495367560702,7.945377380675643,開発,男性
34.80983792097311,5875732.112370102,5.817411525216162e-05,10.0,営業,男性
24.97470635362191,2631583.7045703665,2.6941182510663553,1.0,企画,女性
34.8148686400761,6290982.980092018,3.6960622046693654,9.888893907667306,人事,男性
32.113413610798624,7221468.473222,0.2809178457824846,7.5776536258066365,開発,女性
38.227185603380896,6500400.69514724,18.074087681393877,7.127259678108577,人事,女性
26.72769056447677,6739597.080484129,1.281726725915564,5.515811613889484,開発,女性
40.193465142411725,7168054.071428178,1.813455880670851,8.32543387699932,開発,男性
50.32738913002578,8566468.2182649,1.811615123619793,7.493368984750802,開発,女性
33.91239851543143,7005943.493505497,1.3095301511269732,3.359368221680368,企画,男性
39.01711722098941,5491989.90434233,0.00737454615192529,3.9399773524415345,営業,女性
41.90143991711113,9543384.033889636,6.534547855373437,5.600795424548952,開発,女性
30.987795281141636,8014883.813968001,17.032884094513744,10.0,企画,男性
37.24092481810417,6948079.946862416,1.269905152221055,10.0,開発,女性
35.12592400781795,5900300.458511396,5.439061967302936,5.456698135762142,営業,女性
35.97676098548832,6811111.643127462,6.77196970640312,9.366449332184276,開発,男性
27.269902161445334,5979629.651050433,9.433386140185174,5.091884536744257,企画,男性
35.245101742589426,6777471.28693795,2.746352896936128,8.817309700711736,営業,男性
39.979982912454496,9746997.236865915,1.8043537102967462,10.0,企画,女性
49.511436077950414,5614460.049157804,1.967399596573177,10.0,営業,男性
44.59270826085207,5432770.5842237035,6.234772679962116,5.034681066870752,営業,男性
56.531824575115564,10881879.095311219,8.485323753150265,10.0,人事,女性
27.326524371119504,6152551.268648996,1.002105658208199,4.545907324338065,人事,男性
43.723206367206785,6414316.330353854,2.317651199833902,10.0,人事,女性
36.83342005738352,9562616.908551808,11.610888745885164,5.794543297430969,営業,女性
56.89802933217672,7758217.341368225,8.217391843646855,9.189976599878314,開発,男性
26.917017146448487,11180020.196984015,20.951547693411882,10.0,企画,女性
26.60278157819224,8048744.605078536,7.017167191600205,10.0,企画,男性
29.00607354555978,5968210.626501267,2.497740614418322,3.051698835603068,企画,男性
20.0,9370591.969393332,4.46577511649979,10.0,人事,男性
29.742449783192388,6119448.714861074,5.408986102064621,3.75009822631182,営業,男性
27.40867338446302,7524429.004964528,0.4085227772741556,9.129209634123097,人事,女性
36.50393786476208,7667312.207024047,3.9317644317620526,5.671396919131812,開発,女性
38.41755975777159,9491257.48366519,6.177675616784138,8.256205236856628,営業,男性
53.761708392158866,10121905.929854695,0.9155371515647235,10.0,企画,男性
44.5042383818605,8031719.795678731,7.5850165298705585,7.786460562759919,人事,女性
29.23096344337597,5769683.350222995,4.382619835734714,3.2117137590115514,人事,男性
26.01585328651642,8511343.634289753,15.20592755555257,6.0497712560773875,開発,女性
39.919191715065054,6001060.736386149,0.2167420526105625,5.764363829851346,開発,男性
21.79766792979358,9264128.569184333,1.5416430140471902,10.0,人事,女性
53.31458765854354,8330623.8771324055,4.600914975811219,10.0,開発,女性
46.79440120721287,6967624.017944799,1.758862845523176,3.7247729782792445,企画,女性
30.308243478952953,7419056.46283939,6.266238300943795,6.956991630874,開発,男性
20.0,4584233.43361494,7.114901324549239,1.48644350712083,開発,男性
48.53872374165413,6023595.102336026,0.5407997301929703,2.1729274280294066,人事,男性
33.85460154747382,8853974.561062867,3.606236217725379,10.0,人事,男性
47.378163119734616,6739110.875024545,3.5554413749490776,8.161155852723835,営業,男性
20.0,4612866.934673536,2.304472380936284,2.0800389590075117,営業,女性
29.006249770462272,8606262.53419763,13.509709168835878,6.710578032035207,人事,女性
35.05243699718183,9409875.421917628,8.78697340064041,5.623245204718294,開発,女性
35.46980593764742,8449277.133754162,5.973568708741899,10.0,開発,女性
30.499345285207564,8645491.894881876,6.264531019127748,10.0,営業,女性
41.228499323474985,6235916.955434196,3.096846221146379,3.455052786586413,営業,女性
24.323795706174057,5352592.8230519565,12.691190378560188,3.4358697469396393,営業,女性
33.576205149787064,9523869.692089688,5.9305895666710455,10.0,企画,男性
36.20295631711899,6978911.346270387,6.527832886776416,10.0,企画,女性
40.14438834058749,7620102.027782589,9.89132135435786,7.396748473043882,営業,男性
42.11614878088889,9258250.590282418,1.6015193846438724,5.713852840704085,開発,女性
23.75357908162131,7844740.235744355,8.227162675622996,4.1992667389797305,営業,女性
20.0,6775380.538704117,1.0860596594951664,7.940929333325211,企画,男性
47.77676821898509,10848163.050383886,2.1182112208300725,10.0,開発,女性
38.323140119795916,6155322.978554696,2.044433181351139,2.4131948267535863,企画,男性
27.515134634434464,9687960.734969888,19.204438111263077,10.0,開発,女性
50.51151975522523,8581935.51329311,9.708398381862212,4.683658342594312,企画,男性
36.156746342928585,7814665.71843376,6.03939982992444,10.0,開発,女性
46.792971840638266,10281596.943360817,6.492457117101072,9.03949234769116,開発,男性
35.67518481410109,7958364.164981555,4.128512898420655,4.3206861920646435,開発,男性
55.60747924881987,10057405.846270043,14.695877652546008,10.0,開発,女性
52.55340842443204,9579277.697846832,3.4284627066052793,9.158437427744325,人事,女性
32.51035851520926,6317524.41428722,2.394355828410854,10.0,企画,男性
44.71570950954355,6065957.688438744,0.8898671397007586,6.963745650972064,企画,女性
41.45375949585148,6276844.542702584,7.7137035894156,4.753997172035659,人事,男性
48.68631557532348,5147745.535688274,6.629646409861012,7.5326953173940465,開発,女性
25.350765394198955,9594391.386044974,2.4254242142454214,8.037819408929376,開発,男性
41.86051459998439,5450971.28189389,0.1275810047719554,9.589160904561977,企画,女性
45.58424486849588,7860498.966101456,9.131671580553208,7.232996700667845,人事,男性
20.0,5461152.141507193,0.057418345521317776,6.409969206493041,開発,女性
23.16741487334225,7227671.830710882,6.0819104033011895,3.682829765128942,開発,男性
20.0,8711572.308898801,17.57582578969906,8.546663450468877,開発,男性
32.305931655554424,8193832.311135819,2.8782549581847943,10.0,営業,女性
42.17542255795962,6368077.310568927,1.3392234052435346,9.618916558839004,人事,女性
50.023570520960284,7860667.337428297,6.101713820598991,5.879534367110033,開発,男性
35.74094780419775,8060402.116447001,8.494848005046627,6.095113755542065,営業,男性
51.286155455712915,7586574.265104775,3.953031815944503,10.0,人事,男性
21.198985417851087,10177126.253124084,17.061586182015414,10.0,開発,男性
20.0,6661296.90180108,0.2652569402128082,3.5195451932581125,企画,女性
34.44452301103381,8175935.164090703,3.5139233446428686,8.22646291892673,営業,男性
38.840654489393074,8570084.25114566,6.337296236748891,7.607172761823721,営業,男性
34.67305251905907,9486440.158396281,9.925767462153395,10.0,開発,男性
20.0,6086583.068115599,0.9877178007997744,2.838307300235768,開発,女性
34.10879960487212,5564919.719011857,8.047276607020212,3.465053202034194,営業,男性
21.95530499495147,7099567.97107645,4.022707936999149,9.8717830093549,企画,女性
41.69672548830039,6360350.030478666,2.5254909675138966,2.821994671309606,企画,女性
38.665982460968486,6210991.755481035,0.7061765505724636,6.64381018190964,人事,女性
25.601202136726446,8161942.99027109,10.023368553021275,8.14090630238857,開発,女性
29.861330826633065,8436047.380420262,0.8555623193815549,7.445657991319,企画,女性
24.407864781110483,6437678.743270832,1.8537813911121623,5.988829581141147,人事,女性
34.37320902726828,7353187.190525721,1.712772202638604,8.122652472897817,企画,女性
44.551423205012384,10806472.37905363,10.255788018501551,8.258778604549079,開発,男性
25.142739536644562,7176710.368928145,5.584436228630647,8.32467327348048,人事,男性
40.040465155178445,11701038.458184835,7.964905291553204,10.0,人事,女性
29.69742381627559,7477288.725357709,1.4415306609661314,10.0,人事,男性
27.071271677376558,4202666.232623384,4.902467874882831,1.5877653748673475,企画,男性
33.929696400454425,8250516.632740787,4.24019381061268,5.593761860414052,開発,女性
24.647576775806257,7698489.553210938,8.943731370964587,6.112058862915158,人事,男性
29.46350694652818,9590498.029055566,11.826935506050372,8.8401705661249,営業,女性
23.021221074111516,7166948.715314999,0.061156347044856244,6.843048947991342,開発,男性
54.64725132916389,8085138.090927302,5.60459500444768,10.0,営業,女性
35.35263551971729,4957798.213574927,0.2661379202311137,1.4679221030674459,営業,女性
28.002744920074147,6484589.663759614,3.979873036849448,2.7966440017942116,人事,男性
37.13979910734222,5750790.109338105,1.69580835284943,5.277985175833287,人事,男性
33.87671950309171,6006252.282712232,1.8320148226473094,8.280725511954056,企画,女性
32.790304004667775,7740055.231703863,2.1767242483955855,5.480973318312206,企画,女性
41.14166700043425,10047435.609117951,4.854955025691306,10.0,企画,女性
42.57507710047305,7924031.467149542,2.03270317391417,6.262484708612236,開発,男性
29.694988523894725,5350614.885138344,6.596900519963843,9.325389864459991,企画,男性
29.2418175935532,7388194.821394785,2.591999393869146,10.0,営業,男性
32.24948302848356,8442822.13459945,0.35400753206794394,7.118406973131387,企画,男性
20.0,5450047.885444801,7.656828242916668,3.519991671113966,人事,女性
20.0,5959645.665367205,1.6826694647585692,5.661381413963286,企画,女性
48.66874267444524,7738961.882146529,2.8349245633047144,5.903746148767867,開発,女性
51.449677135012834,6973432.780643195,5.782963935159129,9.024887370268528,開発,女性
32.50963960443622,7799977.7353328485,2.020751043452489,10.0,営業,男性
40.765569630557664,6885981.11052816,0.29124851911949046,8.943810288729113,開発,女性
38.112501545435364,7769063.139558383,2.3413939642607366,10.0,企画,女性
65.0,8403425.262108484,14.452231245840162,7.976354721975751,人事,男性
46.195749114345766,7166840.335567728,5.13240330335556,4.573693071947475,開発,男性
33.72082408519233,8326190.725348795,5.565774843475207,10.0,営業,女性
25.444595593995743,6213199.729930205,5.002196783680692,5.45747027620419,企画,男性
20.0,8648164.875685709,1.109422589643863,10.0,営業,女性
37.03463635867223,6523206.862267153,2.7092932275544612,4.959002340103044,開発,男性
27.436492547156966,7403882.035035014,6.95030319049337,4.134948748295068,開発,男性
20.77746290402326,7491202.95403798,0.5344356102718182,10.0,営業,女性
28.534271157574732,4461928.083300836,1.627631248216475,1.8677416546762298,企画,男性
24.184519963856047,3729715.1508756895,1.61702370654051,8.625504096547019,開発,女性
51.871416350725646,5587919.937704131,2.8283359202299048,10.0,人事,男性
43.816397569494505,11050012.100255327,19.65316066639828,10.0,開発,男性
34.92027358683383,5953170.889751082,0.3494442924806149,7.887977548489061,企画,男性
49.79944138890026,11692904.282300364,3.6563328435297366,10.0,開発,男性
35.77368307647618,6041150.986175482,0.9883823033775565,9.836064894575994,営業,男性
26.387157986717362,8360868.64674431,17.646837926128867,6.965824341319701,開発,女性
50.23124077269657,9884853.230064414,0.6012626257777125,10.0,開発,男性
40.38910043684659,10287017.042470884,2.584226883898694,10.0,企画,女性
24.627538456735437,9993118.228975222,6.694859411838541,9.693832511800641,営業,男性
33.09661321916392,9077015.33119949,6.09635324351578,8.924393418011901,企画,女性
26.243817466152425,8123006.07353477,2.747214115099548,7.09556808105353,開発,男性
21.17200269035664,7160115.422785517,2.127248644659102,8.238201772946342,人事,女性
44.26177547531641,8634057.46373284,2.5342707571706296,10.0,開発,女性
54.094166404701305,7031380.039877285,1.5345029413501967,4.845135441934101,企画,男性
21.01432426180859,4938333.909392638,1.1491602143566875,9.34823125817361,人事,男性
40.62969236690571,7356317.5281630475,3.298945959341901,9.558106411897114,企画,男性
28.493574308781728,6325753.884628662,1.5635210297696756,9.735212798748934,企画,女性
30.12874616235304,5996056.016443596,1.694607823168569,7.001772250113701,営業,女性
29.07606075761131,8033041.15875723,5.3465694969159205,10.0,人事,男性
26.36009230320184,9480439.212669015,17.294767846531578,5.62624278872422,開発,男性
35.48521627944827,7369583.806881518,4.627126634713337,10.0,企画,女性
26.69049883588962,8590871.962807346,0.4005189942997255,4.952121694575645,開発,女性
37.704568257798385,5211991.0789339375,0.39296337244275537,9.2212114661997,営業,男性
34.49761890550863,7946696.585072069,15.12304828716215,10.0,営業,女性
32.6105195313359,5731698.553021767,1.7640605735917971,4.378305712612768,人事,男性
25.924363379584022,3544705.5815300145,0.4829233816040338,1.4375725881021573,営業,男性
29.232286694316674,6794545.829831197,4.56952523879412,9.682816104553563,営業,男性
42.55391225825756,7433690.585988244,4.886162356502919,5.710927654270523,開発,女性
40.009171876243805,9793412.849086951,5.227796404115659,10.0,営業,女性
25.22444755201449,7363019.002767674,1.5557909833478298,4.288602332184964,営業,女性
35.99332305429226,5270998.923163251,0.07613006942445556,2.4045956905774757,企画,女性
42.51387123371789,11583255.631791158,16.764232206039814,10.0,営業,男性
20.0,7891284.657486977,1.4443675475963291,9.95583474191702,企画,女性
40.43360192379935,8458373.102615971,5.635464512230804,10.0,営業,男性
28.373762410541534,6692122.084477367,6.13160112225038,5.611086480641029,営業,男性
40.70598668593159,6066954.25830727,4.708137790959099,8.15530800399271,人事,男性
27.36740843457483,5997703.3568642065,1.876430992420446,7.345879802641581,人事,女性
20.0,7638788.674740302,1.5810679551628297,9.067139755846826,企画,男性
20.0,9218347.421570512,4.552391816101794,10.0,営業,男性
35.48084946661382,10094222.47448597,10.053147087469952,10.0,開発,女性
37.59722501721482,7612813.098652611,14.662259804712816,7.474374422376604,人事,男性
25.956833748955916,4674387.610092992,0.5597207257871357,3.1576918595179135,開発,女性
41.38592458777374,7364733.523187041,0.841079234315485,10.0,人事,女性
20.0,4714400.0503707025,14.478191298494597,2.7508519203993784,人事,女性
34.33920201352684,7868629.478857876,6.669178069043613,10.0,営業,男性
22.889838002375434,6995852.3038429925,10.727642831722235,5.095847707686932,人事,女性
28.48163892197841,5838247.078571553,1.1321988527499602,7.466218608161639,開発,女性
35.47398671316414,4824508.368390368,4.428636336323545,7.548212772551629,人事,女性
26.395866347160474,7694082.8199981395,6.038893427855406,5.662507820156993,企画,女性
31.154444557701748,6328562.9615668105,5.6989199317458885,2.868052669318585,営業,男性
45.0629280921444,5760523.606793759,2.622524557519717,2.939287293741326,営業,女性
29.231081304768512,2160918.0570481587,0.07757311732207486,3.614890762487388,企画,男性
43.35692112065142,7563819.574001953,4.372458755453356,10.0,企画,女性
23.70293145342382,8989436.983865064,1.4591301618925725,5.3944083749838825,企画,男性
40.298041779152825,9805940.597453296,2.9914968667385016,10.0,人事,女性
49.415686206579004,8365219.555199815,15.800796297502718,7.437087368750284,営業,男性
20.0,4865469.214878541,2.546095554848561,5.172224544154244,企画,女性
27.031047445295233,7970384.8931345185,9.156711367572209,10.0,人事,男性
40.7707212718054,5645418.37039348,1.0446046558564828,4.633161913016089,企画,男性
32.96954613957007,7659238.463939188,5.580733072314863,7.847270869394563,開発,男性
38.71145873371309,9970975.092105523,18.86281737842832,6.094116824951652,開発,女性
28.960148132841795,8342140.330678864,0.5373308821031382,5.07652881072241,営業,男性
35.865897874729,6647241.152079144,0.04177373062622429,4.974565472292199,人事,男性
33.44322764607921,6650862.935451047,2.8421217841253443,2.901533102840716,開発,男性
46.677820616598076,6065517.148564368,0.48599997869304995,7.747895082998626,開発,男性
37.54420843301213,6326816.167038698,6.899262764478805,6.1644013782533005,人事,女性
38.37602662075202,7808987.10963347,12.29904116448158,8.742293934185668,企画,男性
30.881230338775325,7379708.905023652,2.8459912786061885,4.9515335780906184,人事,男性
30.123937759275066,8026256.6185612865,1.4968279124765962,6.689644883490832,企画,男性
30.67441812180379,5613889.496336345,2.849370162666727,7.588309770010871,開発,女性
38.944521423782966,9828936.800606461,6.426778759780297,10.0,開発,男性
30.79015519179737,6137370.05782963,0.04547699803614305,2.5911210202495125,開発,男性
37.897748568964126,7307970.12307029,4.45133636144739,10.0,営業,男性
55.75400798645438,7141925.169527057,4.7504228892607285,8.333855981327932,営業,男性
43.711247034316926,4056827.081983018,5.076251206765839,5.132103182783632,営業,女性
31.73976467832159,8051606.839970855,1.3855051151320081,8.554113656840698,人事,男性
47.01213922163945,9081846.72303679,6.259739163161683,5.7063934961744405,開発,男性
30.919246269784487,6171891.455614823,0.47920477802918,2.980783121240269,開発,女性
20.0,5942539.75204308,1.111159437946992,7.350747802974854,人事,女性
24.91913689082596,8069565.551987708,10.496998808902605,7.1381926949077315,営業,女性
20.0,4141872.6084799226,6.710873543226646,8.397285207679047,人事,男性
31.484865159586914,5787584.691389367,0.06920449429463241,5.446899527624617,営業,女性
35.184183791895514,8093365.922269356,1.4275971324184038,5.382899050593126,開発,男性
51.76437312275283,5827442.408513004,1.2065788712923633,8.259911910031327,企画,女性
38.269273737641626,7511708.542266664,1.579079571346389,6.151889335235753,営業,男性
32.80899471191136,4747793.885889022,1.4221685722856123,5.47702665209206,開発,女性
43.294055811834895,7896631.049403692,0.3228328516165735,10.0,開発,男性
20.0,5898083.1497209,3.0711302767106776,10.0,企画,女性
37.35614558108566,5104864.003545654,6.597544483496352,8.23458475676074,開発,男性
42.70865193886967,9349173.2614767,4.666316328474586,10.0,開発,男性
20.214137542201584,5467520.879064579,5.587013671515734,7.584219520620871,営業,男性
46.43754043206929,6148814.114495991,0.42315748414097476,10.0,営業,男性
38.38496407494414,8733101.977910629,15.129999783170069,7.395518855379453,企画,男性
30.847120860991986,9176911.853771817,9.115997865791446,5.186920701537504,企画,男性
41.32781866106285,6360267.704329645,8.176094997440988,4.807858738913433,開発,男性
57.70692857804396,8843623.230501521,8.657570268273654,6.804645647142218,営業,男性
36.81866255058495,8833533.474623298,13.493755965981919,10.0,企画,女性
37.48220586300336,8306678.487969901,3.9290978392501765,10.0,企画,男性
30.40639100459756,6896729.951045389,1.1174806789967353,8.237882395387903,人事,男性
26.501556305352082,6254113.78504141,4.795777283987891,2.400304773926493,企画,女性
43.303358165442454,6602891.670416461,6.791090931174177,9.161894160472288,開発,男性
26.439161740911327,7120721.677801829,6.695477661867003,6.032495390171253,営業,女性
35.715662372193925,5546070.871229643,3.684962705983576,7.531574772289323,企画,男性
30.223425532348834,2164602.938169049,0.35457386793518536,3.1738087946884286,人事,女性
39.78979825746392,7876231.414487846,2.319017953781472,6.960809743339011,営業,女性
38.33662105286948,9540412.043624401,12.676787293516332,6.751598447561371,企画,男性
45.375399442578995,4163446.1745027327,4.390748556865408,1.0132162534470612,人事,女性
29.89983601145253,5366850.312525163,3.864545690174431,8.850515310535176,企画,男性
32.30125064706629,7700364.648154044,1.5657072429293193,10.0,営業,男性
25.212362842176926,9576649.573452968,2.297882267765736,10.0,営業,男性
30.557067399238885,7687592.161504559,11.28548230029503,4.618499195248909,営業,男性
38.77300493044852,6395646.643551757,5.490008088730326,6.013891595545924,開発,女性
42.56988616645352,7628290.543202897,7.741408965374802,10.0,企画,男性
25.778346758223744,8654116.539844114,3.0288457321064928,10.0,開発,女性
43.6960592010566,6713317.020043538,4.974603286775109,3.7772846206633353,営業,女性
48.55637858804951,6371795.521025264,1.4276460159816908,2.3720719906337058,人事,男性
39.13434903223701,6843773.808640794,6.111716403019921,9.25300722156624,企画,男性
53.76795812558066,6537364.774552146,2.7895978066118117,5.746730358427997,開発,男性
27.26210800896427,6839298.084392394,2.921872099519876,5.129630068956736,企画,男性
22.55345296688583,9088634.226575235,5.239438905266018,5.204711454680964,人事,女性
20.0,7721892.0587767735,13.766332735548692,8.584586719630272,開発,男性
49.96044311489183,7152565.194101309,0.3307329154614954,10.0,営業,女性
41.54365656354058,7510217.507407289,8.70751582603576,10.0,開発,男性
34.44415329089545,4550347.675572855,1.729262240730678,5.642052231092459,企画,男性
37.799686263198204,8508070.043494597,2.9342106461394817,9.138221993153646,企画,男性
23.745109527016236,6081578.176826344,0.11078495994734697,2.847085646229514,企画,男性
59.45751979616826,7881241.348707294,1.790852292848194,8.821096562590691,企画,女性
36.292211819752275,11953483.723488718,3.4921178073381465,10.0,営業,女性
36.09394794604893,7281734.586274953,0.28907826423977495,8.745952114227146,開発,男性
42.25766623898692,6322944.413588557,3.377476767819873,5.821481544477477,営業,女性
39.81009231736713,7660374.447122332,13.094062255622891,5.823066558175633,営業,女性
37.23884024279131,8640296.079480112,0.5568550354541228,5.4949835565355,営業,男性
27.09525544554688,7247564.743953391,7.228963558694006,6.081830745253453,企画,男性
39.714683571359956,5091854.89149061,2.6353768039866257,1.9616584000803807,企画,女性
53.82024496475034,9602212.904660381,5.323572545600616,7.194285462076237,企画,女性
48.454200461549775,6571206.330226281,1.5071243545728261,10.0,開発,女性
50.931866266393975,10443414.53784361,0.8687456019759164,10.0,人事,女性
29.88784323568815,8201916.39542049,0.8745213506410947,8.988762293965639,企画,男性
25.10395179741419,5620764.649682919,0.3654990330033584,9.483331408317856,開発,男性
33.74213079900352,8711311.57439169,1.0268049183884456,10.0,企画,女性
35.557249122886944,7425294.353828618,5.456486318931661,8.669724397930752,企画,男性
45.94191518470949,9643482.348047901,10.672260761290975,10.0,営業,女性
20.0,7472209.192415006,8.413422813307038,6.4146784114450845,営業,女性
50.295503194606134,6823044.733062224,5.778045558182285,5.574740350087844,営業,男性
33.419921014210104,5764180.889139628,0.5850958690531574,5.38851437809067,開発,女性
30.7311893005258,8252173.9521402465,1.7067326074221483,10.0,人事,女性
24.87895624739832,5927176.729068087,1.8539191485798179,8.066901932363976,人事,男性
20.0,5460911.303852221,1.4381233464810095,4.298066215697278,開発,男性
43.231705839619146,6090710.451765591,3.618090288086634,3.289599768995249,企画,女性
35.73317967188404,7805512.373454316,3.83454791469922,9.497078681643892,開発,女性
22.10039100258946,9419523.54795282,2.207166189586289,6.574456307651701,企画,男性
22.04921227936384,4719475.966979198,2.183147243924161,5.925908541043169,開発,女性
31.642153007098717,7500184.9608526165,8.817481254885438,9.740984113359398,開発,女性
51.69021525289393,10481484.603902379,7.786430081345391,10.0,開発,男性
32.40408648636395,6684679.400427977,1.8393716297835185,9.465928396364347,人事,男性
20.0,7902461.7420669645,12.254755242514166,10.0,営業,男性
32.54256935914056,6560377.972659711,15.268397969230026,7.060008900342807,開発,男性
32.2727643025233,7453912.595831533,1.978137348938951,10.0,人事,男性
20.0,5339647.184584484,2.1880690356209325,6.912201802877015,営業,男性
34.45705133482188,8553687.288146319,3.5223972788543008,6.233446746325463,営業,女性
32.69065469791322,9831745.614483465,14.161338022406763,6.0629524183081385,開発,女性
41.96206364813418,12027475.200881023,10.450265554463936,10.0,企画,男性
53.48956094945345,8598036.750200063,0.5410894290702714,8.585340107238638,企画,男性
46.26565029547757,8051368.489764151,2.4939150011702385,9.605321989622059,企画,女性
32.31111309445169,7310145.822822675,4.030137157340868,10.0,開発,女性
23.934740912583298,6016703.522805166,3.4971591639203408,3.7829149731606573,企画,女性
60.733598032498605,8652156.496821556,1.0775083000408872,5.7821046059078505,人事,男性
35.59218434014488,7315355.470276627,9.788483684779266,10.0,人事,男性
35.13929291912946,7574615.929454923,5.649598190940283,4.547016963842586,人事,女性
34.758749128899964,9624130.518006658,9.097967581497205,9.93055014897136,人事,男性
36.980847607678555,6317891.035867181,9.786625034027141,7.5879645950068975,営業,男性
33.556395880760576,9077507.289316472,6.898696535848757,9.949877077483416,人事,男性
29.263379931197637,8728046.52118872,2.892049236190386,5.502335934485208,企画,女性
29.531410587596078,6770973.46860671,4.715057297135249,3.284215694639285,開発,女性
34.672467297840015,3638235.2609157604,0.873942445366517,1.0,企画,男性
29.56575228866235,6126440.039916247,5.598854061247785,7.396729194769759,人事,男性
27.871542173228356,8437839.273200033,0.9877034469695107,9.336943261908923,営業,男性
36.064302276918966,7360915.747248863,5.920027268512381,5.464582875579561,人事,男性
32.45022782579145,5253979.558402238,1.3042151555503232,6.993946835012562,開発,男性
50.039929885826886,6807361.4236221,0.6252731117308141,10.0,企画,女性
20.0,6775777.295031847,0.9033215947152424,3.1499879336511913,開発,男性
45.91506851922462,8116850.839343155,0.00997061079855313,8.600020331275536,開発,男性
47.46085192497629,7648881.653417404,6.34237205923132,9.852675362341618,開発,男性
20.0,5822201.201565795,6.591329354919006,4.093008545192978,企画,女性
31.573124059196513,6352753.466707618,3.6173448731352558,5.1226916143459595,人事,女性
31.285591340042085,5268652.833674728,0.8798854342037745,6.791393960579182,開発,男性
20.924883052821787,8512933.937607262,0.43626250762010454,10.0,企画,女性
27.221833124091248,5887268.098546128,0.09657146158574832,9.176587881272223,営業,女性
23.894241545341714,8111059.846562865,0.9060998805753395,9.359231818459117,企画,女性
52.522704434236225,11015650.753170306,11.075414535748173,10.0,営業,女性
44.35678393147461,8853536.07037659,1.3823052658091772,8.136938302246778,企画,女性
47.71555094994159,6957035.015720553,2.186879373005469,8.725724768609373,人事,女性
42.21672064043235,7772089.9932320155,0.5565882570548336,7.967724313380028,開発,男性
23.70948228782771,6274927.337135852,1.2574663233084151,3.984352565253901,人事,女性
29.754797337202262,5498364.576274503,3.661775005095822,7.814009041169818,企画,女性
39.89374561227918,7949157.567027234,4.679313638308699,8.95733930316663,開発,男性
22.778721911080545,4511128.548776218,1.4075213996189349,3.73872278635854,営業,男性
42.12998430172388,8917751.15417238,0.2973285639384077,10.0,企画,男性
32.59674601841865,6180906.847485031,2.479954925116879,2.3693139079256307,開発,男性
31.251791924504026,6997748.400926988,1.3341932089252793,5.839706762172452,営業,女性
42.10959968203492,7654356.60615697,1.2394481473601149,4.166289186155789,営業,女性
39.4426331148604,8191500.075939907,16.077258807530036,10.0,人事,女性
31.3903383418092,7928505.393378871,4.789477740754984,10.0,企画,女性
46.59329803364248,7024264.99271381,4.069555759654726,6.006434961340663,営業,男性
24.189366724001026,7785148.919174905,2.6873463678898757,9.866115039038561,開発,女性
41.15935606944264,5319132.575333745,2.8013429223173603,4.8825676110972935,営業,女性
40.93101257968384,7625369.061813719,3.8924906350990818,10.0,営業,男性
31.904535606860097,10099691.487392334,5.960712084619026,10.0,人事,女性
38.26133022242118,6018145.60838022,6.055760841675229,5.72866315886521,人事,女性
22.488864236146966,5202012.014133185,0.9418625811311385,9.614581253527893,開発,女性
44.24027019206901,8329561.639163365,3.4668635507154195,6.587473538179667,人事,女性
33.15097863557011,7192400.138024938,2.6547853333703615,4.276426197994027,営業,男性
29.772769794809605,8036724.965284129,10.221413266333093,9.297612984619253,営業,男性
45.49009225836889,8507332.592001794,4.99047283861855,10.0,人事,男性
27.956563094572406,7730092.671824889,3.801823142536145,7.13064559536957,営業,男性
20.915387036364404,7771625.943149359,0.6130682839680344,4.3299568158083925,営業,男性
20.0,7051656.263197185,4.6524286456636785,6.105403668983292,開発,女性
41.06009951345639,6753449.008147679,0.6233051440267388,7.306833897023706,人事,女性
22.19570647503717,7324291.83274032,2.0564595718436522,4.781598892430243,営業,男性
52.54794181984364,10554286.479468718,0.7706648613371263,10.0,人事,男性
20.0,6099031.995642423,5.889473191581443,10.0,開発,男性
51.96456368290038,6251928.923078781,1.1549469593972321,6.317584206911775,人事,女性
37.11017467202618,8764804.30236261,2.4867456483084243,7.957361312934523,営業,男性
34.032868881296075,7651192.758577972,11.30121060443565,7.257530260088171,人事,女性
29.550809131910505,3332812.9569395473,1.1427681936507676,1.0,営業,女性
38.991361143520706,8575140.787649153,3.544402147474845,10.0,営業,女性
34.62365297575152,6199926.473173812,2.717361033171202,5.93335737286598,営業,女性
46.03301882016522,7174996.164210303,0.09145146658282576,6.660465867033874,開発,男性
36.142276486620396,8092018.637412504,7.869343172279621,10.0,人事,女性
36.50301761461878,7146673.056164225,0.35772655764686,7.124973844544336,開発,女性
31.36387787786144,7953841.126885394,3.214695072837621,9.787942346156008,人事,男性
34.43054376278933,6479559.292751028,4.112616604663264,3.032575903928116,開発,女性
38.07801768892059,8168563.8172422,4.950042355320459,10.0,企画,女性
20.0,6088985.085324406,5.833892980285947,10.0,営業,女性
21.51814577894287,7330150.408739395,1.4602739846099724,9.169038884173869,営業,男性
42.43264094022715,8049697.7222132115,0.05014449182274021,10.0,開発,女性
36.708654381279416,6074945.028991777,6.426703629946992,3.437835858321447,企画,女性
33.16016663647321,8670546.962522555,3.8356545643634714,8.967292667845738,営業,男性
35.184339330653934,6859575.204518068,9.043034056564426,8.275835810027093,人事,男性
38.47581705361671,8997148.277768275,8.612707276657229,10.0,開発,女性
29.602403196906383,7957845.698181291,9.267945682339606,7.5710017099826805,営業,女性
27.216952745976872,9450009.252990661,3.318861004991347,8.492768937287014,営業,男性
36.958452550976816,6715677.553909556,2.029538999184942,3.8570937568633257,開発,女性
25.21627222384968,6520886.129931152,7.8404771291596465,6.0465681849916555,開発,男性
39.082527557144715,7225093.322041771,3.000963530161353,4.6890406579911375,人事,女性
20.0,5545267.310987382,1.0132878735771451,8.154558399417347,人事,男性
45.291556373256434,9429911.860162625,9.654211885867282,7.309390279613935,営業,女性
39.72597482413043,5632746.160968989,10.70913332417349,2.159833908529794,営業,男性
37.56029734313876,5611461.07643966,3.1396983800225375,6.582756316794769,開発,男性
44.82690983945514,5679000.254447946,0.39359144843978927,7.036067848922561,営業,男性
51.65474444462576,9253568.045209225,2.4536943501757476,10.0,営業,男性
45.1437006501813,10636747.350006672,8.136422586247193,10.0,開発,男性
20.0,6833131.368277853,11.602423117498834,5.942459051788865,営業,女性
22.204230332642986,5970725.896157175,1.1374696431004256,9.19783282989406,営業,女性
28.751814223043212,6577329.85362375,0.34660897801817364,7.439839892310539,企画,男性
35.26091050210834,9555075.080419775,10.492121014020714,6.2685976421005005,人事,女性
40.17659020469123,5864460.452671014,2.4666064372231298,6.957115495490234,開発,女性
27.742561868465344,7134863.7269940125,3.9018215946856776,10.0,企画,女性
36.86766764477078,10028218.88717679,17.220390602646056,9.595032516660774,人事,女性
27.446170676466775,7158391.61741267,0.3444182867956367,5.82532383451087,人事,女性
28.884821970080516,7251127.494394516,5.225139709923749,4.542352607556696,人事,女性
20.933389031517777,7586736.039471662,0.3849744904506248,4.949745736889877,企画,男性
25.767667538890958,2468912.0356442933,2.3537709819860084,2.3638553947206633,企画,女性
21.483153943836662,7905318.111049268,8.14347434561074,9.266436528503034,人事,女性
25.241267470226674,5565064.440959958,2.8411459213976,2.290603087486374,営業,女性
45.536417966078396,7466798.282999702,29.359267299804664,10.0,営業,男性
25.50601111168057,7451526.877650352,4.094224227788536,10.0,企画,女性
61.32382064837391,10320365.345610457,1.9368649544732373,10.0,企画,女性
39.93317900880889,6914788.226000742,1.24302047501835,10.0,企画,女性
36.84836123694874,8487521.912102036,2.1579202945019085,5.209202723411056,人事,男性
26.416422198187867,8972270.814539239,2.330323176468781,9.263820714137358,営業,女性
42.00309879408991,9108120.87321189,0.35594253131322523,10.0,企画,男性
29.24362173762226,9152807.787923563,2.306799069853607,10.0,企画,女性
36.220098146453616,8236229.252163759,3.1203310823324064,10.0,開発,男性
60.60084538268795,8784588.466413246,6.413957389264605,7.278211713833843,人事,男性
34.0394010027535,4833639.566479576,5.34618234187654,9.301561092512415,開発,男性
46.49273326285676,7572356.444651248,6.1681351370333335,4.691469017529081,営業,女性
27.968235748741126,5137741.321318828,0.04199426856058394,9.013943888909196,開発,男性
34.65011509503038,10111657.485313412,1.227376543151715,10.0,開発,男性
52.7080063563551,7913459.47990487,5.418878807356186,5.5078411889085,開発,男性
28.730329422122328,6952137.635987857,3.3081395470501223,9.450732213821924,人事,男性
53.12448557996929,8486116.164251901,0.026638211927366016,4.848685833253888,営業,女性
42.07751935455475,7985363.38503212,8.160837477457024,7.634168811284514,開発,女性
29.375332241057322,9752326.537190935,7.409833644919387,10.0,人事,女性
41.32407739055521,6529730.2675072,3.975004405811174,7.755537300693907,営業,女性
44.7255444962673,7562575.922657443,0.3438751498821395,10.0,企画,男性
41.21809962217196,6674517.930516516,7.273188279549895,8.724774116164268,開発,女性
20.0,4423044.755519573,4.38190882295859,4.754546316492705,営業,男性
27.728628241751313,6230316.096742278,7.615383210126404,9.517391423135283,開発,女性
32.52481364448495,7267338.91710515,6.966534304535216,10.0,企画,女性
34.25566570899954,6881110.982600053,8.122810339259654,3.0797063207406703,営業,女性
41.20672097550678,6386618.529139994,3.6491395017543886,10.0,人事,男性
36.777010009332535,4804974.458801088,0.7560015384221204,1.5801637103742108,営業,女性
21.64655641289899,6513757.6043489585,5.560881426470513,9.843238617767812,人事,女性
38.801978510059634,5167434.167924121,4.844158034676422,3.6904469408868334,営業,女性
41.10585745283823,8873265.578990513,6.778887608141981,6.062882498775359,人事,男性
40.5979044793104,7246647.96449903,0.9309311113175609,7.205348721923545,企画,女性
45.807807255546216,5212504.2108103335,1.0844109723041844,7.0081134258388555,企画,女性
43.33922154548904,7808649.833790386,11.055023720907293,7.237216439001661,企画,男性
39.59180079228437,6544458.210663948,6.9310277943560505,3.035546885208239,営業,男性
34.29834288541353,8387905.591872227,11.942266819727802,9.783055848800677,企画,女性
20.0,8641084.103588112,7.108889013113904,10.0,開発,女性
39.29618219132586,4606652.488086234,4.546020829885577,4.0555907816114996,企画,女性
37.076876871631114,7557233.0675821435,5.308501052794627,5.504228066259587,人事,男性
37.715788371953735,7745279.330347554,10.996891050998268,7.728475443742893,人事,男性
22.232514241796903,7550967.594367561,4.323317676020178,3.9862319938065887,人事,男性
24.189434595917376,7029634.816118104,5.003681439657029,10.0,営業,女性
45.53152853332904,6233706.315733495,0.8508388667527144,9.670773614285174,開発,男性
34.60444846143345,6572793.67248009,3.211521529083448,7.864797843346745,企画,女性
41.81500697372624,6526801.7139167925,6.300901504357142,5.704727714362297,開発,男性
35.28318376130459,8536171.36942812,1.5800147346499278,10.0,開発,男性
35.297561394957434,6909828.169871681,1.1298262711589633,7.902011392966986,人事,男性
44.382838059759976,10259240.540105158,1.8831260848764964,10.0,人事,女性
29.839552717826262,6539193.069236555,1.3820665406717283,8.222322202483742,人事,女性
35.96120776940983,5856430.376601073,1.2098013849627498,8.91607963551625,営業,女性
30.377247112949572,4524853.7007864565,2.765629340582181,5.911920639746296,開発,女性
30.655037725676845,5020148.850284368,11.921064783844441,4.747418464225364,開発,男性
31.908278765313607,4572893.573536762,3.5368354977931604,9.194406312872,営業,女性
37.221337716337125,7365835.30755621,1.0407844522212926,8.235859731465812,営業,男性
30.212513783365228,7313760.899457385,0.40047675444223196,8.75956656632223,営業,女性
47.55756125573521,5601712.682165484,5.956206724269233,3.586101436898227,開発,女性
26.05392697780496,7886533.898309335,2.4128007830491347,9.517391003154824,開発,男性
33.13128355838641,6794483.8209549645,8.625112205608028,7.938952666301459,人事,男性
30.60268941725825,7289009.8787696175,5.386858899283821,4.952555460292842,人事,女性
49.46977884353733,10687229.668164166,7.954097836041615,7.22351354434246,開発,女性
36.965547765115744,8352226.417981272,1.5869005592718597,9.791460295414211,人事,男性
45.31844539468635,7452537.051976777,5.894107541012077,10.0,営業,男性
20.14439626963028,4823736.166425424,1.5330469106684042,5.534348504723498,企画,男性
37.67050265869259,5054804.3606162,13.99002329675527,3.0957579884930113,人事,男性
43.896307956234374,6621900.512109968,5.058150931618789,8.620598302347283,開発,男性
35.82283989275424,6670606.4316641,1.9615979526792973,3.39155797115052,人事,女性
45.654803750653514,5958992.040064074,1.570211432581741,5.9354953832816655,人事,女性
29.827115498996278,6400403.133457704,1.0593280914634784,3.870703959043486,人事,女性
49.0934744018558,8163085.049909682,5.931335053787402,5.823216509448632,企画,女性
57.9889812361925,7685573.120866268,1.234080317687602,5.506218663290101,営業,男性
31.37161439560341,6045885.497109555,4.523086485645732,5.526249010505356,開発,男性
30.54497478599228,6933924.917754255,1.536941705045495,3.394276768337834,企画,男性
49.53384477117701,8681911.967118805,5.423087542058411,8.262052935480689,開発,女性
50.795721457307124,6747724.314345904,8.435368576448173,7.353091338378212,開発,男性
29.771399728467316,9357564.361759715,7.525958057169422,9.707212926456641,開発,男性
30.798131829041424,7107359.330088939,7.153349370632601,6.552416233716304,企画,女性
32.18215391139493,6741338.696152984,1.0395656616596674,10.0,営業,女性
21.55549488965723,7186365.113870238,0.462687345025399,4.494305345654775,開発,女性
25.813480535158018,7240735.735481744,6.002375118285905,7.792006429514109,営業,男性
24.95859233247932,7907342.279853723,2.297077123598895,4.465715032462712,営業,男性
27.322024348958717,7079909.265071315,2.831217998206428,3.7203103749725024,人事,女性
34.65315112613219,5829823.765076605,0.15822270730651902,6.994616412170472,企画,女性
37.342147325365204,7559629.099416536,1.5026644533912372,8.653794923406924,企画,男性
50.50500492814077,5826789.193039835,0.1712825761378989,9.729090808639949,人事,女性
25.01645959261209,7470413.150263784,10.567506119683948,8.491276231204443,人事,男性
44.843223984765835,7331774.304769074,1.394580914974728,10.0,営業,女性
32.86011155774491,6738303.743906188,4.074734519277519,3.1765573795055557,開発,女性
34.50536290347567,6552341.553855659,0.19879675840272978,3.4344107168823292,企画,女性
41.748194921666034,4814213.482644097,5.495773048072541,1.2108062367775296,開発,男性
23.772779784377015,5560613.827323575,1.950621997161652,3.2281054803254348,開発,男性
38.82409746184051,8221467.47213418,11.409952473304836,9.092898470609283,人事,女性
36.66452208213056,8168166.803704499,10.951561116018706,9.978316436551351,開発,男性
39.92451264008149,5651449.533886205,1.9673661327106797,2.0617159554242246,営業,女性
37.89168643907818,9949266.34015655,11.561202569055897,10.0,人事,女性
59.55300139910894,9459226.415707882,27.808386180741863,10.0,開発,男性
28.62260015748684,8757989.485635577,8.726736769711309,7.427501825049415,人事,男性
29.690030449981823,8057043.311232633,9.317502459260151,4.751731083270845,営業,男性
28.768594735752355,5612269.401982381,1.431806299604674,3.1412530609538964,営業,男性
29.445228808397452,9565067.678589474,4.298398992553327,6.707567402384228,開発,女性
28.626128726934823,4675663.392340672,0.3481220362865055,1.7852174060311938,人事,男性
46.89016531107552,8773104.356892806,0.49864830924027337,9.440159554884412,開発,男性
49.20504247989855,12364001.211004036,30.0,10.0,開発,女性
29.292537062505236,5656433.569215089,1.9773702970479465,4.87969101797739,人事,女性
26.676444268957713,9112048.297358936,6.89528133814556,10.0,開発,女性
39.71415556386404,7432303.565160571,8.216655588657973,9.591131805488674,営業,女性
29.477769557190285,7882974.979350962,9.760460575716627,10.0,人事,男性
41.32931817755511,10479022.260056203,30.0,7.762031255354243,人事,男性
37.029230208513,6788202.321418126,1.3820392319829855,6.227457594911249,人事,女性
20.0,7228934.105219528,0.2059375297847147,8.221520334760717,人事,女性
50.47505201330062,8978812.83453904,2.6482715304569138,5.669635391537684,開発,男性
52.958776730955215,5094818.274477469,0.6967739778697819,1.1325052671290896,開発,男性
28.87211309515614,8411456.60571631,0.11340586641273957,10.0,営業,男性
31.12298440064016,4285888.359241163,2.2347712126266646,6.062264010454081,企画,男性
37.85865390724905,9207384.90405397,7.656329021790304,8.904484194050475,企画,男性
38.34456789987025,9024849.68563651,4.17563585401623,9.431646369924803,営業,女性
41.5854427267283,5630371.430590826,1.875489395772082,5.369358435919633,企画,女性
55.102045387663495,7670033.561426131,5.311527239748333,3.886078965030131,営業,女性
33.2305277250595,5134963.992719949,1.3199460919587747,4.153308448677111,開発,女性
27.017027554615463,6035712.762983689,0.07242930686019672,3.629453061559298,人事,男性
21.206807719854726,6320999.95788158,7.227109981674551,3.2068176597938987,人事,女性
27.69069960058081,8042767.320427534,4.88741541994483,10.0,開発,男性
34.66873027126203,9417278.105697226,7.183784729547108,10.0,人事,男性
52.945578635177874,9760662.83460766,0.19858186663832364,10.0,人事,男性
29.823887009638284,6555311.940960911,9.073696303464502,5.393585630355968,企画,男性
37.237879516388986,7031230.145659639,4.8316898045698,6.569554311105776,開発,男性
34.83577103927248,4630994.856669324,4.143635930371261,2.763310801739836,企画,男性
46.88393273448084,6625291.825605852,4.899002886260929,3.4979828642946744,企画,男性
60.26932425873622,10459889.221049607,9.991455584666099,8.071173958023861,人事,女性
29.691312270796793,9350016.82920816,4.420769803459724,10.0,人事,男性
30.10560557481778,5088639.9414129155,4.348829704919095,7.186552188066898,開発,女性
45.44160877069072,8721135.15519872,23.37751105393526,9.643495039068013,人事,女性
41.81891489626312,7758129.123434615,7.067920140598498,8.033937979235528,人事,男性
53.46707325736033,8385556.895264721,2.919614941672946,10.0,開発,男性
40.83928185325964,6442028.081608621,6.144692688281089,3.0966426116166375,人事,女性
31.407079092129404,7452963.31882666,2.4651779752405427,5.978370637967903,企画,女性
40.90654830692309,6464521.090341868,1.2995269560208722,5.613961772478294,開発,女性
46.087035805829075,7736899.000683451,4.542256167094156,10.0,人事,女性
43.204821811973645,9296478.214662349,13.168107520581172,10.0,営業,男性
40.07274031107298,8336791.623202836,13.235212029327808,6.502826256017213,開発,男性
45.66674689589154,6837961.710889855,2.092032018851315,10.0,開発,男性
46.692955904456724,7545279.685577625,3.750465962435363,10.0,営業,女性
48.82158991037527,7427432.675804541,1.1889761909378165,5.449349254580441,人事,男性
41.48709887589643,9235961.494979037,27.16623096007408,8.82995471677204,人事,女性
33.328819196831454,8263017.522003075,19.84770656162156,7.950073345635747,開発,男性
36.46713686433323,9745537.623916784,5.2421002494304805,10.0,開発,女性
47.06508966508357,9010511.357019324,8.158777018532883,6.638538469429409,人事,男性
26.83064329012764,6526120.489255036,6.27808801792394,9.718542229198075,人事,男性
38.686733088729014,8429433.718047064,4.496654568445091,7.437168145605053,企画,女性
31.066611876726395,6080013.222398289,0.2741186319598373,8.657846334383732,開発,女性
35.28744822934817,8827327.957242597,3.0326858939522596,8.607426995903563,開発,女性
47.78451862607299,8505325.610070355,5.616363904695659,9.710563478119216,営業,女性
36.910990680199035,7250471.4055524245,5.658750875488164,10.0,企画,女性
35.46436548156149,7678295.823366665,2.3350216057317392,10.0,人事,男性
21.401438590200808,5134765.573883066,14.21007872475774,8.932574225740368,企画,女性
42.46253566027221,5524550.7490604315,0.9157516941152922,2.0611066771623627,人事,男性
41.45484181141075,5628787.746731024,3.469331657590699,7.857242724088728,人事,男性
56.6325472330546,8633061.299869027,5.870192960707369,5.892947690364893,企画,男性
31.922217650469996,9792118.770855997,5.972353891048593,9.534485883021695,開発,男性
37.19150327663939,10729495.868611952,5.229704854910359,10.0,人事,男性
37.49383683710755,7992759.11349723,1.609906194807168,7.617414476218707,企画,女性
50.77453279763474,8374917.1342839,0.8492378198547863,9.051422216510968,営業,女性
34.047044676130476,4505984.376323611,5.0521874374619475,9.474721155511183,企画,男性
37.790215257703395,6532773.834514458,4.572737712303205,3.7497296579301502,営業,男性
41.078965097165394,5971105.573819199,0.9883294682328686,8.05020998184703,人事,女性
36.86609123156358,6522659.021110749,6.106258569092443,6.086667718581285,企画,女性
30.535663854494718,6578210.022491441,3.0364255764388965,3.7752982126574,企画,男性
36.94089992898308,6689858.86005907,5.509497301556076,4.118489730427856,営業,女性
45.73631749859772,5225995.9798276,9.081298204613951,9.769453936038152,企画,女性
24.7348470058894,7451608.953081922,0.930012186111506,10.0,企画,女性
36.32969674146876,5217035.5505240485,0.09665252060320517,9.380413194259246,人事,男性
27.998791850608267,7513838.327232591,7.55028438535453,10.0,企画,女性
46.950466289248425,10929063.822947003,4.704165038596199,8.803902333023665,開発,男性
20.0,5210715.705667478,6.013860454390006,4.409669741944033,営業,男性
29.410781527284115,3585665.8109197654,9.105580186750542,5.608637080243566,企画,男性
38.772118750645205,7321395.749101862,8.117961443897677,7.675618607847688,営業,男性
50.65524029234341,10805275.572869122,16.210741057540957,10.0,営業,男性
34.34249738927012,10038511.460932529,3.838654101381316,9.258812704952867,営業,女性
29.448004733068018,4963275.4226385765,3.3519957766380086,6.307301110129647,企画,男性
53.8115706944059,8692615.326512298,2.5698795693722025,9.872956184273036,企画,男性
20.51986099583756,5411462.758852118,0.8343539423031892,2.8645832654302787,営業,男性
20.0,5916700.419844331,4.250259296105759,6.162358957510283,開発,女性
39.40014450053332,11098703.935398523,1.6218168984630423,10.0,営業,女性
29.979457756473888,5515621.186181465,12.711037909505007,6.64820363476398,開発,女性
24.78767182869287,7057556.446732228,4.375633630557236,4.948521182943393,営業,女性
42.08356447299353,8254992.728164168,4.492747468663413,10.0,人事,女性
37.43800713771199,8719773.926377458,2.19194082082837,4.946565779767085,営業,女性
29.359213692632718,6641630.187187564,0.2669477234958443,5.835116887076027,営業,女性
22.196956013291057,6588052.870691009,0.16129260770302406,9.60996670751171,企画,男性
43.724573282801444,6874002.82316409,2.752470101567029,7.949039112662711,開発,男性
41.50201177958661,7522969.16578037,0.44178164933378405,5.873431058378112,人事,女性
34.00824136220617,6652401.813270706,4.667781584065128,8.906979887358135,開発,男性
53.466369960476655,9669878.816923635,10.64202484115725,10.0,人事,男性
24.299152336738473,6732968.885347379,10.724267725759072,9.899161370454863,営業,女性
20.0,7090890.9944456145,5.380029890547041,9.706117670154025,企画,男性
28.080919301187556,6478793.159936586,1.1864141540467563,7.9697644582626985,企画,男性
34.54413983644502,9410157.980307562,9.938756123270604,9.803757058104889,開発,女性
37.43339449322692,7880767.526608879,10.86188387330262,5.079406657616589,企画,男性
32.5876394214367,4079317.897265118,1.0948462850360547,2.4313150582335723,開発,女性
38.520553965142966,9487521.278612956,6.686113292848202,9.259416534866723,開発,女性
22.484605758095558,4934431.957149383,1.6880012053853386,6.328125540206881,人事,男性
49.437646040732595,7302596.488772395,8.113636947089958,7.925967185710139,開発,男性
34.178488216074314,8761314.461789655,29.458819920511765,7.354975195425419,人事,男性
46.17295831588128,9385548.064281302,0.15243008731011756,5.443727284388697,企画,女性
38.42725346377704,4856143.706960324,11.382923547395158,5.32229670406765,開発,女性
39.567532191537836,12172264.687295666,4.8726527722878155,10.0,開発,女性
40.69767280232204,10432064.284575518,18.130954308603386,10.0,営業,男性
39.47708560017315,7621465.812209094,3.1275316100669692,3.8369821996434452,開発,男性
41.42722759867544,7928948.414673679,9.399280356643363,9.192398716425796,開発,女性
48.29152530132431,7875120.1443655435,0.32212767012842175,10.0,営業,男性
36.9652116970147,7834138.202705259,2.0419397528551704,5.403821606708755,営業,男性
42.09003757588512,8107009.159540104,0.3468390182076232,8.351854576295462,企画,女性
34.102643057127736,9389888.780160293,18.513499282987343,6.212686706514536,開発,女性
49.40117215449473,8453492.906152975,8.490632765453647,10.0,企画,男性
28.236076979407304,7072920.545942946,9.5712432743357,8.027705671308977,企画,女性
53.00940432910816,8813590.424871624,13.900301338964836,8.479880142787115,営業,男性
34.59842049355657,6482030.763992468,0.4447215984366044,7.174423957256138,人事,女性
20.692248978819517,7978820.1836020835,2.435525893605109,10.0,企画,女性
36.28104414910789,7741229.339055108,0.36842048178420517,5.507878059854711,人事,女性
28.18948342525119,2117254.6011686455,1.1836338190250637,1.0,開発,男性
43.406435489887244,8284443.657777208,1.3027071848820395,10.0,営業,男性
28.47376020697609,7032389.893511951,3.1659759108498404,8.22644363500311,開発,女性
30.5381656678522,6655216.672923556,1.5637152419979117,10.0,開発,女性
20.0,5275675.900889062,0.5322394599515666,6.648182911607615,営業,女性
30.476936807509233,8301671.597051463,0.9165567669698085,10.0,開発,男性
20.0,7039009.447826285,0.7965941795647717,6.906069718022616,営業,女性
20.0,6606115.503021346,18.073834164996214,9.354854884615765,人事,女性
42.604146561442974,8452872.16090973,7.1208640215077725,10.0,開発,女性
42.85800158650832,7402711.383105633,17.172964055921454,8.551818056605489,営業,女性
39.254575617849646,5182979.126532712,2.896775928236257,2.810045481594128,企画,男性
25.33023856870787,5489556.40794154,1.631203163910938,3.9087349432133234,開発,男性
34.5228864385802,8820204.584162384,8.00470053659235,6.608005776239036,人事,女性
34.963974609094315,8375337.28454398,1.9745098602513413,6.597050532905577,営業,男性
23.416353108074578,7118343.004045732,1.7789721849606435,5.87608204820506,開発,男性
50.0339830176715,8721655.134649659,1.3231230349408831,9.717859215428355,開発,男性
43.77362290575672,8032395.148383735,0.6944657242346085,9.32431981355823,開発,女性
32.79035826170336,5825463.936128857,1.481684158781171,5.663961661305606,人事,男性
35.26885838994531,7630827.146093759,2.1950040958558246,9.169614164481278,営業,男性
37.08382807947552,8615225.757489854,5.604200656745553,5.349400087992148,企画,男性
20.0,6892873.4047900485,0.3230384428183206,3.682967538313488,企画,女性
32.52822617479403,8527963.483589087,1.1818211763742075,6.074428626808013,企画,女性
28.180157520022014,8299266.461680896,8.278028148781994,8.961963944043998,営業,男性
24.983799901050844,6855814.408427133,0.7945210206221643,4.781766516711955,企画,男性
32.18899707114045,8424440.858265443,2.0976564723377953,6.974000489698639,人事,女性
52.976865268495224,8609039.965569543,9.99978591018371,8.211855491126489,営業,女性
41.4084286126701,5831774.5869677765,0.8416513317584938,9.138569703061195,開発,男性
29.28821010217203,6262990.491112475,0.4318043191951981,2.3877497143282165,人事,男性
40.72582781356159,6250283.265237076,3.3134584176867077,8.094692647366678,開発,女性
